Book Id,Title,Author,Author l-f,Additional Authors,ISBN,ISBN13,My Rating,Average Rating,Publisher,Binding,Number of Pages,Year Published,Original Publication Year,Date Read,Date Added,Bookshelves,Bookshelves with positions,Exclusive Shelf,My Review,Spoiler,Private Notes,Read Count,Owned Copies
32021214,"Maximum Harm: The Tsarnaev Brothers, the FBI, and the Road to the Marathon Bombing",Michele R. McPhee,"McPhee, Michele R.",,"=""1611688493""","=""9781611688498""",0,4.06,ForeEdge,Hardcover,340,2017,2017,,2023/04/24,currently-reading,currently-reading (#1),currently-reading,,,,1,0
59069460,The Girl Before,J.P. Delaney,"Delaney, J.P.",,"=""1529410509""","=""9781529410501""",3,3.70,Quercus,Paperback,0,2020,2017,2024/10/10,2023/12/30,,,read,,,,1,0
9598224,A Clockwork Orange,Anthony Burgess,"Burgess, Anthony",,"=""0241951445""","=""9780241951446""",3,4.00,Penguin Books,Paperback,141,2011,1962,2024/10/06,2024/10/04,,,read,,,,1,0
40543864,Feminism,Deborah Cameron,"Cameron, Deborah",,"=""1781258376""","=""9781781258378""",0,4.36,PROFILE BOOKS,Paperback,160,2018,2018,,2024/10/03,to-read,to-read (#61),to-read,,,,0,0
8031168,"Delusions of Gender: How Our Minds, Society, and Neurosexism Create Difference",Cordelia Fine,"Fine, Cordelia",,"=""0393068382""","=""9780393068382""",0,4.08,W.W. Norton & Company,Hardcover,338,2010,2010,,2024/10/03,to-read,to-read (#60),to-read,,,,0,0
44778173,The Squiggly Career,Helen Tupper,"Tupper, Helen",,"=""0241385849""","=""9780241385845""",0,3.95,Portfolio Penguin,Paperback,240,2022,2020,,2024/10/03,to-read,to-read (#59),to-read,,,,0,0
12840503,The Exorcist,William Peter Blatty,"Blatty, William Peter",,"=""0552166774""","=""9780552166775""",4,4.20,Corgi Books,Paperback,378,2011,1971,2024/10/03,2024/09/29,,,read,,,,1,0
34043643,"The Last Mrs. Parrish (Mrs. Parrish, #1)",Liv Constantine,"Constantine, Liv",,"=""0062688162""","=""9780062688163""",0,3.97,Harper Large Print,Paperback,560,2017,2017,,2024/09/29,to-read,to-read (#58),to-read,,,,0,0
62698525,Carrie Soto Is Back,Taylor Jenkins Reid,"Reid, Taylor Jenkins",,"=""1804940879""","=""9781804940877""",5,4.21,Penguin,Paperback,384,2023,2022,2024/09/28,2024/09/23,,,read,,,,1,0
49098237,Written in Bone: Hidden Stories in What We Leave Behind,Sue Black,"Black, Sue",,"=""0857526901""","=""9780857526908""",4,4.31,Doubleday,Hardcover,368,2020,2020,2024/09/22,2024/06/02,books-from-harry,books-from-harry (#4),read,,,,1,0
43306206,"The Courage to Be Disliked: How to Free Yourself, Change your Life and Achieve Real Happiness",Ichiro Kishimi,"Kishimi, Ichiro",Fumitake Koga,"=""""","=""""",0,3.98,Allen & Unwin,Paperback,288,2019,2013,,2024/09/16,to-read,to-read (#57),to-read,,,,0,0
578596,Bridget Jones's Diary,Helen Fielding,"Fielding, Helen",,"=""0330332775""","=""9780330332774""",3,3.80,Picador,Paperback,310,1997,1999,2024/09/12,2024/09/05,,,read,,,,1,0
212375021,You Killed Me First,John Marrs,"Marrs, John",,"=""166250649X""","=""9781662506499""",0,4.57,Thomas & Mercer,Paperback,399,2025,2025,,2024/09/12,to-read,to-read (#56),to-read,,,,0,0
51763423,Magpie Lane,Lucy Atkins,"Atkins, Lucy",,"=""1786485575""","=""9781786485571""",4,3.97,Quercus,Hardcover,354,2020,2020,2024/09/04,2024/08/30,,,read,,,,1,0
32489951,Hot Milk,Deborah Levy,"Levy, Deborah",,"=""0241968038""","=""9780241968031""",3,3.48,Penguin,Paperback,218,2017,2015,2024/08/30,2024/08/24,,,read,,,,1,0
203382742,Yellowface (International Edition),R.F. Kuang,"Kuang, R.F.",,"=""0008532818""","=""9780008532819""",4,3.76,Borough Press,Paperback,336,2024,2023,2024/08/23,2024/08/16,,,read,,,,1,0
40060637,Educated,Tara Westover,"Westover, Tara",,"=""0099511029""","=""9780099511021""",5,4.47,WINDMILL BOOKS,Paperback,384,2018,2018,2024/08/16,2024/08/11,,,read,,,,1,0
33516773,Big Little Lies,Liane Moriarty,"Moriarty, Liane",,"=""0399587195""","=""9780399587191""",4,4.31,Berkley,Paperback,460,2017,2014,2024/08/11,2024/08/04,,,read,,,,1,0
36114475,Mindhunter: Inside the FBI's Elite Serial Crime Unit,John E. Douglas,"Douglas, John E.",Mark Olshaker,"=""1787460614""","=""9781787460614""",0,4.09,Arrow,Paperback,420,2017,1995,,2024/08/09,to-read,to-read (#55),to-read,,,,0,0
28352416,The Girl on the Train,Paula Hawkins,"Hawkins, Paula",,"=""1784161756""","=""9781784161750""",4,3.96,Black Swan,Paperback,409,2016,2015,2024/08/04,2024/07/30,,,read,,,,1,0
45360527,The Silent Patient,Alex Michaelides,"Michaelides, Alex",,"=""1409181634""","=""9781409181637""",4,4.18,Orion Publishing Group,Paperback,352,2020,2019,2024/07/30,2024/02/04,,,read,,,,1,0
61324696,Brutes,Dizz Tate,"Tate, Dizz",,"=""1646221672""","=""9781646221677""",0,3.18,Catapult,Hardcover,304,2023,2023,,2024/07/24,to-read,to-read (#54),to-read,,,,0,0
199960704,Every Man for Himself and God Against All,Werner Herzog,"Herzog, Werner",Michael Hofmann,"=""1847927246""","=""9781847927248""",4,4.24,Bodley Head,Hardcover,355,2023,2022,2024/07/24,2024/07/19,books-from-alex,books-from-alex (#28),read,,,,1,0
75101923,The List,Yomi Adegoke,"Adegoke, Yomi",,"=""0008544506""","=""9780008544508""",3,3.04,4th Estate GB,Paperback,384,2023,2023,2024/07/18,2024/06/05,books-from-katerina,books-from-katerina (#1),read,,,,1,0
64334677,The Mess We’re In,Annie Macmanus,"Macmanus, Annie",,"=""1472297121""","=""9781472297129""",3,3.40,Wildfire,Hardcover,376,2023,2023,2024/07/10,2024/07/02,books-from-alex,books-from-alex (#27),read,,,,1,0
55030,Cosmos,Carl Sagan,"Sagan, Carl",,"=""0375508325""","=""9780375508325""",0,4.40,Random House,Mass Market Paperback,384,2002,1980,,2024/07/09,to-read,to-read (#53),to-read,,,,0,0
57951370,Transcendent Kingdom,Yaa Gyasi,"Gyasi, Yaa",,"=""0241988659""","=""9780241988657""",4,4.11,Penguin,Paperback,248,2022,2020,2024/07/02,2024/06/24,books-from-alex,books-from-alex (#26),read,,,,1,0
123259938,Young Mungo,Douglas   Stuart,"Stuart, Douglas",,"=""1529068789""","=""9781529068788""",4,4.38,Picador,Paperback,390,2023,2022,2024/06/18,2024/06/09,books-from-alex,books-from-alex (#23),read,,,,1,0
123167259,Trespasses,Louise Kennedy,"Kennedy, Louise",,"=""1526623366""","=""9781526623362""",3,3.99,BLOOMSBURY,Paperback,311,2023,2022,2024/05/15,2024/05/09,books-from-alex,books-from-alex (#25),read,,,,1,0
59903149,Strong Female Character,Fern  Brady,"Brady, Fern",,"=""1914240448""","=""9781914240447""",4,4.47,Brazen,Hardcover,288,2023,2023,2024/06/06,2024/05/30,books-from-alex,books-from-alex (#24),read,,,,1,0
23593321,Station Eleven,Emily St. John Mandel,"Mandel, Emily St. John",,"=""1447268970""","=""9781447268970""",3,4.07,Picador,Paperback,339,2015,2014,2024/05/30,2024/05/19,,,read,,,,1,0
152038,The Politics of Heroin: CIA Complicity in the Global Drug Trade,Alfred W. McCoy,"McCoy, Alfred W.",,"=""1556524838""","=""9781556524837""",0,4.37,Lawrence Hill Books,Paperback,709,2003,1972,,2024/05/09,to-read,to-read (#52),to-read,,,,0,0
29408433,A Little Life,Hanya Yanagihara,"Yanagihara, Hanya",,"=""1447294831""","=""9781447294832""",5,4.32,Picador,Paperback,723,2016,2015,2024/05/09,2024/04/21,books-from-alex,books-from-alex (#22),read,,,,1,0
61358638,"Poverty, by America",Matthew Desmond,"Desmond, Matthew",,"=""0593239911""","=""9780593239919""",0,4.27,Crown,Hardcover,284,2023,2023,,2024/04/23,to-read,to-read (#51),to-read,,,,0,0
44279110,My Year of Rest and Relaxation,Ottessa Moshfegh,"Moshfegh, Ottessa",,"=""0525522131""","=""9780525522133""",0,3.63,Penguin Books,Paperback,289,2019,2018,,2024/04/21,to-read,to-read (#50),to-read,,,,0,0
58506799,"The House in the Cerulean Sea (Cerulean Chronicles, #1)",T.J. Klune,"Klune, T.J.",,"=""1529087945""","=""9781529087949""",3,4.40,Pan Macmillan,Paperback,400,2021,2020,2024/04/21,2024/04/15,books-from-alex,books-from-alex (#21),read,,,,1,0
59915488,The Giant Dark,Sarvat Hasin,"Hasin, Sarvat",,"=""0349701733""","=""9780349701738""",3,3.60,Dialogue Books,Paperback,368,2022,2021,2024/03/10,2024/03/03,alex-borrowing,alex-borrowing (#4),read,,,,1,0
44421460,"Before the Coffee Gets Cold (Before the Coffee Gets Cold, #1)",Toshikazu Kawaguchi,"Kawaguchi, Toshikazu",Geoffrey Trousselot,"=""1529029589""","=""9781529029581""",3,3.69,Picador,Paperback,213,2019,2015,2024/03/17,2023/12/30,alex-borrowing,alex-borrowing (#3),read,,,,1,0
157545,Fear and Loathing in Las Vegas,Hunter S. Thompson,"Thompson, Hunter S.",,"=""000655136X""","=""9780006551362""",4,4.07,Flamingo,Paperback,204,1998,1971,2024/03/03,2024/02/29,alex-borrowing,alex-borrowing (#2),read,,,,1,0
58477578,Sunset,Jessie Cave,"Cave, Jessie",,"=""1787395332""","=""9781787395336""",5,4.11,Welbeck,Paperback,416,2021,2021,2024/02/23,2023/10/15,alex-borrowing,alex-borrowing (#1),read,,,,1,0
17601,"The Will to Change: Men, Masculinity, and Love",bell hooks,"hooks, bell",,"=""0743456084""","=""9780743456081""",0,4.37,Washington Square Press,Mass Market Paperback,208,2004,2003,,2024/04/15,to-read,to-read (#49),to-read,,,,0,0
6576785,I Am Legend,Richard Matheson,"Matheson, Richard",,"=""0575094168""","=""9780575094161""",5,4.06,Gollancz,Unknown Binding,176,1600,1954,2024/04/13,2022/09/05,,,read,,,,1,0
135836,"Trainspotting (Mark Renton, #2)",Irvine Welsh,"Welsh, Irvine",,"=""0099465892""","=""9780099465898""",4,4.11,Vintage,Paperback,431,1994,1993,2024/04/05,2024/03/25,books-from-alex,books-from-alex (#20),read,,,,1,0
96177628,Good Material,Dolly Alderton,"Alderton, Dolly",,"=""0241523664""","=""9780241523667""",4,3.90,Penguin,Hardcover,342,2023,2023,2024/01/19,2023/11/19,,,read,,,,1,0
45303981,The Perils of Perception: Why We’re Wrong About Nearly Everything,Bobby Duffy,"Duffy, Bobby",,"=""1786494582""","=""9781786494580""",4,3.73,Atlantic Books,Paperback,304,2019,2018,2024/03/24,2023/10/15,books-from-harry,books-from-harry (#3),read,,,,1,0
28815474,The Couple Next Door,Shari Lapena,"Lapena, Shari",,"=""0735221081""","=""9780735221086""",0,3.80,Pamela Dorman Books,Hardcover,308,2016,2016,,2024/03/13,to-read,to-read (#48),to-read,,,,0,0
62047992,"Days at the Morisaki Bookshop (Days at the Morisaki Bookshop, #1)",Satoshi Yagisawa,"Yagisawa, Satoshi",Eric Ozawa,"=""0063278677""","=""9780063278677""",0,3.65,Harper Perennial,Paperback,150,2023,2010,,2024/03/13,to-read,to-read (#47),to-read,,,,0,0
29901930,The Fisherman,John  Langan,"Langan, John",,"=""1939905214""","=""9781939905215""",0,3.90,Word Horde,Paperback,266,2016,2016,,2024/03/12,to-read,to-read (#46),to-read,,,,0,0
67353701,Where the Guilty Hide,Annette Dashofy,"Dashofy, Annette",,"=""0008556245""","=""9780008556242""",3,4.13,One More Chapter,Paperback,382,2023,,2024/02/29,2023/12/30,,,read,,,,1,0
157119995,A Quiet Contagion,Jane Jesmond,"Jesmond, Jane",,"=""0857308505""","=""9780857308504""",0,3.73,VERVE Books,Kindle Edition,342,2023,,,2024/02/24,to-read,to-read (#45),to-read,,,,0,0
75441882,The Red Room (Atticus Priest #3),Mark  Dawson,"Dawson, Mark",,"=""""","=""""",0,4.48,Unputdownable Crime and Mystery Thrillers,Kindle Edition,484,2023,,,2024/02/20,to-read,to-read (#44),to-read,,,,0,0
56075876,"A Place To Bury Strangers (Atticus Priest, #2)",Mark  Dawson,"Dawson, Mark",,"=""""","=""""",0,4.43,Unputdownable,Kindle Edition,436,2021,2021,,2024/02/20,to-read,to-read (#43),to-read,,,,0,0
18005644,The Secret Keeper,Kate Morton,"Morton, Kate",,"=""0330477595""","=""9780330477598""",0,4.16,Pan,Paperback,602,2013,2012,,2023/11/20,"to-read, books-from-mum","to-read (#33), books-from-mum (#2)",to-read,,,,0,0
108519988,The Marriage Portrait,Maggie O'Farrell,"O'Farrell, Maggie",,"=""1472223888""","=""9781472223883""",0,4.01,Tinder Press,Paperback,448,2023,2022,,2024/02/16,"to-read, books-from-mum","to-read (#42), books-from-mum (#1)",to-read,,,,0,0
51301674,"The House in the Woods (Atticus Priest, #1)",Mark  Dawson,"Dawson, Mark",,"=""""","=""""",4,4.30,"Unputdownable: Murder, Crime and Thrillers",Kindle Edition,498,2020,2020,2024/02/17,2023/11/04,,,read,,,,1,0
183131836,"The Housemaid's Secret (The Housemaid, #2)",Freida McFadden,"McFadden, Freida",,"=""0349132607""","=""9780349132600""",2,4.24,Bookouture,Paperback,346,2023,2023,2024/02/09,2023/12/27,,,read,,,,1,0
18373,Flowers for Algernon,Daniel Keyes,"Keyes, Daniel",,"=""""","=""""",0,4.22,Harvest Books,Paperback,311,2005,1966,,2024/02/05,to-read,to-read (#41),to-read,,,,0,0
70183935,In the Munitions,edited by Bill Laws: Bobbie Blackwell,"Blackwell, edited by Bill Laws: Bobbie",,"=""1873827989""","=""9781873827987""",3,3.00,,Paperback,,2003,,2024/02/02,2024/02/01,books-from-grandma,books-from-grandma (#1),read,,,,1,0
24737104,The Martian,Andy Weir,"Weir, Andy",,"=""1785031139""","=""9781785031137""",5,4.42,Ebury Press,Paperback,369,2015,2011,2024/02/01,2023/11/03,,,read,,,,1,0
75513900,"Powerless (The Powerless Trilogy, #1)",Lauren  Roberts,"Roberts, Lauren",,"=""""","=""""",0,4.21,,Kindle Edition,523,2023,2023,,2024/01/27,to-read,to-read (#40),to-read,,,,0,0
62195596,Gosling Girl,Jacqueline Roy,"Roy, Jacqueline",,"=""1398504246""","=""9781398504240""",4,3.78,Simon Schuster UK,Paperback,416,2023,2022,2024/01/25,2023/07/01,,,read,,,,1,0
35898777,Home Fire,Kamila Shamsie,"Shamsie, Kamila",,"=""1408886790""","=""9781408886793""",5,4.03,Bloomsbury Publishing PLC ,Paperback,264,2018,2017,2024/01/14,2023/10/15,,,read,,,,1,0
41045102,Circe,Madeline Miller,"Miller, Madeline",,"=""1408890046""","=""9781408890042""",4,4.23,Bloomsbury Publishing,Paperback,337,2019,2018,2024/01/09,2022/10/25,,,read,,,,1,0
25014598,Smoke Gets in Your Eyes: And Other Lessons from the Crematory,Caitlin Doughty,"Doughty, Caitlin",,"=""""","=""9781490646268""",4,4.22,Recorded Books,Audio CD,,2014,2014,2024/01/08,2023/12/25,,,read,,,,1,0
25574782,Pretty Girls,Karin Slaughter,"Slaughter, Karin",,"=""0062430874""","=""9780062430878""",0,4.04,William Morrow,Paperback,432,2015,2015,,2024/01/02,to-read,to-read (#39),to-read,,,,0,0
58939063,"The Serial Killer’s Daughter (The Serial Killer's Family, #2)",Alice  Hunter,"Hunter, Alice",,"=""0008524181""","=""9780008524180""",0,3.85,Avon,Paperback,392,2022,2022,,2023/12/27,to-read,to-read (#37),to-read,,,,0,0
57961076,The Mermaid of Black Conch,Monique Roffey,"Roffey, Monique",,"=""1529115493""","=""9781529115499""",0,3.88,Vintage,Paperback,272,2021,2020,,2023/12/30,to-read,to-read (#38),to-read,,,,0,0
43312159,Conversations with Friends,Sally Rooney,"Rooney, Sally",,"=""""","=""""",3,3.75,Faber,Paperback,321,2018,2017,2023/12/30,2023/10/15,,,read,,,,1,0
199399691,My Account: The official autobiography,Coleen Rooney,"Rooney, Coleen",,"=""1405961120""","=""9781405961127""",4,4.14,Penguin,Kindle Edition,295,2023,,2023/12/18,2023/12/14,,,read,,,,1,0
123265538,Normal People,Sally Rooney,"Rooney, Sally",,"=""""","=""""",5,3.81,Faber & Faber,Paperback,284,2023,2018,2023/12/13,2023/10/15,,,read,,,,1,0
61431922,"Fourth Wing (The Empyrean, #1)",Rebecca Yarros,"Yarros, Rebecca",,"=""1649374046""","=""9781649374042""",0,4.57,Entangled: Red Tower Books,Hardcover,517,2023,2023,,2023/12/09,to-read,to-read (#36),to-read,,,,0,0
45679318,"My Sister, the Serial Killer",Oyinkan Braithwaite,"Braithwaite, Oyinkan",,"=""1786495988""","=""9781786495983""",2,3.66,Atlantic Books,Paperback,226,2019,2018,2023/12/09,2023/10/15,,,read,,,,1,0
123811685,Paris: The Memoir,Paris Hilton,"Hilton, Paris",,"=""""","=""""",3,4.22,HarperCollins Publishers,Audible Audio,,2023,2023,2023/12/02,2023/11/16,,,read,,,,1,0
825840,Fight Club,Chuck Palahniuk,"Palahniuk, Chuck",,"=""0099765217""","=""9780099765219""",5,4.18,Vintage Books,Paperback,218,2006,1996,2023/12/02,2023/08/20,,,read,,,,1,0
54493401,Project Hail Mary,Andy Weir,"Weir, Andy",,"=""0593135202""","=""9780593135204""",0,4.51,Ballantine Books,Hardcover,476,2021,2021,,2023/11/25,to-read,to-read (#35),to-read,,,,0,0
46945,Requiem for a Dream,Hubert Selby Jr.,"Jr., Hubert Selby","Darren Aronofsky, Richard Price","=""1560252480""","=""9781560252481""",0,4.11,Da Capo Press,Paperback,279,1999,1978,,2023/11/24,to-read,to-read (#34),to-read,,,,0,0
196439808,Study for Obedience,Sarah Bernstein,"Bernstein, Sarah",,"=""""","=""9781783789931""",3,3.04,Granta,Hardcover,196,,2023,2023/11/23,2023/11/19,,,read,,,,1,0
43225180,Verity,Colleen Hoover,"Hoover, Colleen",,"=""1791392792""","=""9781791392796""",3,4.31,Independently published,Paperback,323,2018,2018,2023/11/19,2022/09/07,,,read,,,,1,0
123182423,Down the Drain,Julia   Fox,"Fox, Julia",,"=""1797164147""","=""9781797164144""",5,4.39,Simon  Schuster Audio,Audiobook,,2023,2023,2023/11/16,2023/10/30,,,read,,,,1,0
144715767,"The Housemaid (The Housemaid, #1)",Freida McFadden,"McFadden, Freida",,"=""1408728516""","=""9781408728512""",2,4.32,Bookouture,Paperback,325,2023,2022,2023/11/15,2023/11/04,,,read,,,,1,0
26827675,Troublemaker: Surviving Hollywood and Scientology,Leah Remini,"Remini, Leah",Rebecca Paley,"=""110188696X""","=""9781101886960""",4,4.06,Ballantine Books ,Hardcover,256,2015,2015,2023/11/10,2023/07/01,,,read,,,,1,0
40605223,I'm Thinking of Ending Things,Iain Reid,"Reid, Iain",,"=""""","=""""",0,3.55,Gallery/Scout Press,Kindle Edition,241,2016,2016,,2023/11/06,to-read,to-read (#32),to-read,,,,0,0
63017297,My Husband,Maud Ventura,"Ventura, Maud",Emma Ramadan,"=""0063274825""","=""9780063274822""",0,3.67,HarperVia,Hardcover,272,2023,2021,,2023/11/06,to-read,to-read (#31),to-read,,,,0,0
67992925,It Ends At Midnight,Tyce  Harriet,"Harriet, Tyce",,"=""1472280113""","=""9781472280114""",3,3.47,HACHETTE,Paperback,327,2022,2020,2023/11/02,2023/07/01,,,read,,,,1,0
63132652,The Woman in Me,Britney Spears,"Spears, Britney",Michelle       Williams,"=""1797159518""","=""9781797159515""",4,3.86,Simon & Schuster Audio,Audiobook,6,2023,2023,2023/10/30,2023/10/24,,,read,,,,1,0
43323704,Where the Crawdads Sing,Delia Owens,"Owens, Delia",,"=""1472154665""","=""9781472154668""",4,4.38,Corsair,Paperback,374,2019,2018,2023/10/26,2023/10/15,,,read,,,,1,0
49060,Emotion: The Science of Sentiment,Dylan Evans,"Evans, Dylan",,"=""0192853767""","=""9780192853769""",0,3.64,Oxford University Press,Paperback,224,2002,2001,,2023/10/15,to-read,to-read (#30),to-read,,,,0,0
60775181,"Really Good, Actually",Monica Heisey,"Heisey, Monica",,"=""0008511721""","=""9780008511722""",4,3.15,Fourth Estate,Hardcover,376,2023,2023,2023/10/14,2023/07/23,books-from-alex,books-from-alex (#18),read,,,,1,0
55454050,Small Pleasures,Clare Chambers,"Chambers, Clare",,"=""147461390X""","=""9781474613903""",4,3.77,Orion Publishing Co,Paperback,368,2021,2021,2023/10/05,2023/07/23,books-from-alex,books-from-alex (#16),read,,,,1,0
61634101,The Memory of Animals,Claire Fuller,"Fuller, Claire",,"=""0241614821""","=""9780241614822""",4,3.60,Fig Tree,Hardcover,320,2023,2023,2023/09/23,2023/07/23,books-from-alex,books-from-alex (#15),read,,,,1,0
59582024,Do No Harm,Jack   Jordan,"Jordan, Jack",,"=""1398505676""","=""9781398505674""",3,3.87,Simon Schuster UK,Hardcover,432,2022,2022,2023/09/14,2023/07/14,books-from-harry,books-from-harry (#1),read,,,,1,0
59616037,Crying in H Mart,Michelle Zauner,"Zauner, Michelle",,"=""1529033799""","=""9781529033793""",4,4.26,Pan Macmillan,Paperback,242,2022,2021,2023/09/07,2023/07/23,books-from-alex,books-from-alex (#17),read,,,,1,0
58784475,"Tomorrow, and Tomorrow, and Tomorrow",Gabrielle Zevin,"Zevin, Gabrielle",,"=""""","=""""",4,4.15,Knopf,Hardcover,401,2022,2022,2023/08/24,2023/07/14,books-from-alex,books-from-alex (#19),read,,,,1,0
59586576,Gone Girl,Gillian Flynn,"Flynn, Gillian",,"=""0753827662""","=""9780753827666""",4,4.14,Phoenix,Mass Market Paperback,496,2021,2012,2023/07/22,2023/07/01,,,read,,,,1,0
61028413,In Memoriam,Alice  Winn,"Winn, Alice",,"=""0241567823""","=""9780241567821""",5,4.53,Viking,Hardcover,368,2023,2023,2023/08/02,2023/07/23,books-from-alex,books-from-alex (#14),read,,,,1,0
36110556,The Yellow Wallpaper,Charlotte Perkins Gilman,"Gilman, Charlotte Perkins",,"=""1530139570""","=""9781530139576""",4,4.08,CreateSpace Independent Publishing Platform,Paperback,26,2016,1892,2023/07/26,2023/07/18,,,read,,,,1,0
57143963,This Is Going to Hurt,Adam Kay,"Kay, Adam",,"=""1509858636""","=""9781509858637""",5,4.40,Pan Macmillan,Paperback,280,2018,2017,2023/07/25,2022/09/09,books-from-harry,books-from-harry (#2),read,,,,1,0
59364173,I'm Glad My Mom Died,Jennette McCurdy,"McCurdy, Jennette",,"=""""","=""""",4,4.46,Simon & Schuster,ebook,320,2022,2022,2023/03/05,2022/09/05,,,read,,,,1,0
45868683,Intercepts,T.J. Payne,"Payne, T.J.",,"=""""","=""""",0,4.13,Tunnel Falls,Kindle Edition,327,2019,2019,,2023/07/20,to-read,to-read (#29),to-read,,,,0,0
40597810,Daisy Jones & The Six,Taylor Jenkins Reid,"Reid, Taylor Jenkins",,"=""1524798622""","=""9781524798628""",0,4.20,Ballantine Books,Hardcover,368,2019,2019,,2023/07/14,to-read,to-read (#28),to-read,,,,0,0
18045891,Sharp Objects,Gillian Flynn,"Flynn, Gillian",,"=""""","=""""",0,4.02,Broadway Paperbacks,Paperback,254,2007,2006,,2023/07/13,to-read,to-read (#27),to-read,,,,0,0
5163858,The Lovely Bones,Alice Sebold,"Sebold, Alice",,"=""0330457721""","=""9780330457729""",4,3.86,Picador,Paperback,323,2009,2002,2023/07/09,2023/06/26,,,read,,,,1,0
60052679,The Maid,Nita Prose,"Prose, Nita",Lauren Ambrose,"=""""","=""9780008435752""",2,3.76,HarperCollins,Audiobook,9,2022,2022,2023/07/09,2023/07/09,,,read,,,,1,0
80830635,Don't Let Her Stay,Nicola Sanders,"Sanders, Nicola",,"=""""","=""""",0,3.95,,Kindle Edition,288,2023,2023,,2023/07/09,to-read,to-read (#26),to-read,,,,0,0
58977601,On a Quiet Street,Seraphina Nova Glass,"Glass, Seraphina Nova",,"=""0369717058""","=""9780369717054""",0,4.14,Graydon House,Kindle Edition,302,2022,2022,,2023/07/06,to-read,to-read (#25),to-read,,,,0,0
69045069,People Who Knew Me,Kim Hooper,"Hooper, Kim",,"=""1662086512""","=""9781662086519""",4,3.93,Dreamscape Media,Audio CD,,2021,2016,2023/07/06,2023/07/05,,,read,,,,1,0
18302455,"The Circle (The Circle, #1)",Dave Eggers,"Eggers, Dave",,"=""""","=""""",0,3.43,Knopf,Hardcover,493,2013,2013,,2023/07/01,to-read,to-read (#24),to-read,,,,0,0
25603442,Animals,Emma Jane Unsworth,"Unsworth, Emma Jane",,"=""1782112138""","=""9781782112136""",4,3.48,Canongate Books,Mass Market Paperback,247,2015,2014,2022/12/04,2022/09/13,books-from-alex,books-from-alex (#7),read,,,,1,0
8427679,Dark Places,Gillian Flynn,"Flynn, Gillian",,"=""0753827034""","=""9780753827031""",4,3.95,Phoenix,Paperback,424,2010,2009,2023/06/26,2023/06/18,,,read,,,,1,0
50042494,Ghosts,Dolly Alderton,"Alderton, Dolly",,"=""0241434548""","=""9780241434543""",4,3.88,Fig Tree,Hardcover,352,2020,2020,2023/06/18,2023/01/03,books-from-alex,books-from-alex (#12),read,,,,1,0
55869981,Tender Is the Flesh,Agustina Bazterrica,"Bazterrica, Agustina",Sarah Moses,"=""""","=""9781782276203""",3,3.78,Pushkin Press,Paperback,221,2020,2017,2023/04/27,2022/09/05,,,read,,,,1,0
53052855,The Seven Husbands of Evelyn Hugo,Taylor Jenkins Reid,"Reid, Taylor Jenkins",,"=""1982147660""","=""9781982147662""",5,4.41,Simon & Schuster,Paperback,385,2020,2017,2023/06/08,2022/09/05,,,read,,,,1,0
60567915,Cat Lady,Dawn O'Porter,"O'Porter, Dawn",,"=""0008385394""","=""9780008385392""",0,3.89,HarperCollins,Hardcover,400,2022,2022,,2023/06/06,to-read,to-read (#23),to-read,,,,0,0
36509779,Little Fires Everywhere,Celeste Ng,"Ng, Celeste",,"=""0349142920""","=""9780349142920""",3,4.08,Abacus,Paperback,388,2018,2017,2023/05/17,2022/09/13,books-from-alex,books-from-alex (#5),read,,,,1,0
60153822,High Pressure,Sam  Blake,"Blake, Sam",Aoife McMahon,"=""1038603420""","=""9781038603425""",0,3.67,Bolinda Audio,Audio CD,,2022,,,2023/01/22,"dnf, to-read","dnf (#1), to-read (#22)",to-read,,,,0,0
67353676,Cleopatra and Frankenstein,Coco Mellors,"Mellors, Coco",,"=""000842179X""","=""9780008421793""",5,3.73,"4th Estate, London",Paperback,370,2023,2022,2023/05/10,2023/04/02,books-from-alex,books-from-alex (#13),read,,,,1,0
59203767,I’m Sorry You Feel That Way,Rebecca Wait,"Wait, Rebecca",,"=""152942044X""","=""9781529420449""",0,4.02,Quercus,Hardcover,400,2022,2022,,2023/04/26,to-read,to-read (#21),to-read,,,,0,0
52692538,Know My Name,Chanel Miller,"Miller, Chanel",,"=""0241428297""","=""9780241428290""",5,4.70,VIKIN,Paperback,365,2020,2019,2023/04/18,2023/01/06,books-from-alex,books-from-alex (#11),read,,,,1,0
61437102,"The Chief Shepherdess: Lessons in Life, Death and Farming",Zoe Colville,"Colville, Zoe",,"=""1787635740""","=""9781787635746""",0,4.34,Bantam Press,Hardcover,320,2023,,,2023/04/05,to-read,to-read (#20),to-read,,,,0,0
54925835,Not the Type,Camilla Thurlow,"Thurlow, Camilla",,"=""1789463459""","=""9781789463453""",0,3.78,Metro Publishing,Hardcover,245,2020,2020,,2023/04/04,to-read,to-read (#19),to-read,,,,0,0
52514822,People Person,Candice Carty-Williams,"Carty-Williams, Candice",,"=""1409180107""","=""9781409180104""",4,3.70,Trapeze,Hardcover,320,2022,2022,2023/03/30,2022/09/13,books-from-alex,books-from-alex (#3),read,,,,1,0
17327053,The Shuddering,Ania Ahlborn,"Ahlborn, Ania",,"=""1611099676""","=""9781611099676""",0,3.68,47North,Paperback,283,2013,2013,,2023/01/25,to-read,to-read (#18),to-read,,,,0,0
60776142,Off the Deep End,Lucinda Berry,"Berry, Lucinda",,"=""166250621X""","=""9781662506215""",0,3.48,Thomas & Mercer,Kindle Edition,268,2023,2023,,2023/01/25,to-read,to-read (#17),to-read,,,,0,0
43982433,Someone We Know,Shari Lapena,"Lapena, Shari",,"=""0525557652""","=""9780525557654""",0,3.92,Pamela Dorman Books,Hardcover,292,2019,2019,,2023/01/25,to-read,to-read (#16),to-read,,,,0,0
52652923,The Last Flight,Julie   Clark,"Clark, Julie",,"=""1728215722""","=""9781728215723""",0,4.10,Sourcebooks Landmark,Hardcover,320,2020,2020,,2023/01/25,to-read,to-read (#15),to-read,,,,0,0
61381555,Run on Red,Noelle W. Ihli,"Ihli, Noelle W.",,"=""""","=""""",0,3.73,"Dynamite Books, LLC",Kindle Edition,291,2022,2022,,2023/01/25,to-read,to-read (#14),to-read,,,,0,0
59519684,Mean Baby: A Memoir of Growing Up,Selma Blair,"Blair, Selma",,"=""0525659501""","=""9780525659501""",0,3.92,Knopf,Kindle Edition,299,2022,2022,,2023/01/14,to-read,to-read (#13),to-read,,,,0,0
60596302,Careering,Daisy Buchanan,"Buchanan, Daisy","Celine Buckens, Jo Hartley","=""""","=""9781405546607""",3,3.35,"Little, Brown Book Group",Audiobook,,2022,2022,2023/01/13,2023/01/08,,,read,,,,1,0
35997453,Everything I Know About Love,Dolly Alderton,"Alderton, Dolly",,"=""0241322715""","=""9780241322710""",4,3.99,Penguin Books,Hardcover,330,2018,2018,2023/01/13,2022/09/13,books-from-alex,books-from-alex (#2),read,,,,1,0
57449173,Adults,Emma Jane Unsworth,"Unsworth, Emma Jane","Jessica Raine, Rowan Routh","=""""","=""""",3,3.28,BBC Radio 4,Audiobook,,,2020,2023/01/07,2022/12/30,,,read,,,,1,0
57692977,Leave The World Behind,Rumaan Alam,"Alam, Rumaan",,"=""1526633086""","=""9781526633088""",4,3.16,Bloomsbury Publishing,Hardcover,256,2020,2020,2023/01/06,2022/12/30,books-from-alex,books-from-alex (#10),read,,,,1,0
60177373,Fairy Tale,Stephen        King,"King, Stephen",,"=""1668002175""","=""9781668002179""",0,4.10,Scribner,Hardcover,599,2022,2022,,2023/01/04,to-read,to-read (#12),to-read,,,,0,0
42201100,Three Women,Lisa Taddeo,"Taddeo, Lisa",,"=""1451642296""","=""9781451642292""",0,3.72,Avid Reader Press ,Hardcover,306,2019,2019,,2023/01/03,to-read,to-read (#11),to-read,,,,0,0
60908438,How to Kill Your Family,Bella Mackie,"Mackie, Bella",Ell Potter,"=""""","=""""",2,3.53,,Audiobook,,2021,2021,2022/12/28,2022/12/20,,,read,,,,1,0
30078651,The Sound of Gravel: A Memoir,Ruth Wariner,"Wariner, Ruth",,"=""1250077702""","=""9781250077707""",5,4.29,Flatiron Books,Paperback,368,2017,2016,2022/12/28,2022/12/11,books-from-alex,books-from-alex (#9),read,,,,1,0
49552,The Stranger,Albert Camus,"Camus, Albert",Matthew  Ward,"=""""","=""""",0,4.03,Vintage International,Paperback,123,1989,1942,,2022/12/17,to-read,to-read (#10),to-read,,,,0,0
58799401,"Obsessive, Intrusive, Magical Thinking",Marianne Eloise,"Eloise, Marianne",,"=""1785788159""","=""9781785788154""",0,3.48,Icon Books,Hardcover,288,2022,2022,,2022/12/15,to-read,to-read (#9),to-read,,,,0,0
52309392,Nothing to See Here,Kevin    Wilson,"Wilson, Kevin",,"=""192226833X""","=""9781922268334""",4,3.96,Text Publishing,Paperback,254,2019,2019,2022/12/10,2022/12/04,books-from-alex,books-from-alex (#8),read,,,,1,0
56578056,The Midnight Library,Matt Haig,"Haig, Matt",,"=""1786892731""","=""9781786892737""",3,3.99,Canongate Books Ltd.,Paperback,288,2021,2020,2022/11/21,2022/09/07,books-from-mon,books-from-mon (#1),read,,,,1,0
37570548,The Five: The Untold Lives of the Women Killed by Jack the Ripper,Hallie Rubenhold,"Rubenhold, Hallie",,"=""""","=""""",0,4.11,Houghton Mifflin Harcourt,Hardcover,352,2019,2019,,2022/11/08,to-read,to-read (#8),to-read,,,,0,0
29044,The Secret History,Donna Tartt,"Tartt, Donna",,"=""1400031702""","=""9781400031702""",0,4.17,Vintage,Paperback,559,1992,1992,,2022/11/08,to-read,to-read (#7),to-read,,,,0,0
60769118,Sorrow and Bliss,Meg Mason,"Mason, Meg",,"=""1474622992""","=""9781474622998""",5,4.09,W&N,Paperback,347,2022,2020,2022/10/27,2022/09/13,books-from-alex,books-from-alex (#6),read,,,,1,0
23398763,Everything I Never Told You,Celeste Ng,"Ng, Celeste",,"=""0143127551""","=""9780143127550""",3,3.84,Penguin Books,Paperback,297,2015,2014,2022/10/09,2022/09/13,books-from-alex,books-from-alex (#4),read,,,,1,0
58556596,Lessons in Chemistry,Bonnie Garmus,"Garmus, Bonnie",,"=""0857528122""","=""9780857528124""",5,4.29,Doubleday,Hardcover,390,2022,2022,2022/09/23,2022/09/13,books-from-alex,books-from-alex (#1),read,,,,1,0
49124433,Queenie,Candice Carty-Williams,"Carty-Williams, Candice",,"=""""","=""""",4,3.86,Trapeze,Paperback,390,2020,2019,2022/09/06,2022/09/05,,,read,,,,1,0
38085814,The Salt Path,Raynor Winn,"Winn, Raynor",,"=""0241349648""","=""9780241349649""",5,4.02,Michael Joseph,Hardcover,288,2018,2018,2022/09/12,2022/09/07,,,read,,,,1,0
49977811,Swimming in the Dark,Tomasz Jedrowski,"Jedrowski, Tomasz",,"=""006289000X""","=""9780062890009""",0,4.26,William Morrow,Hardcover,191,2020,2020,,2022/09/12,to-read,to-read (#6),to-read,,,,0,0
41104077,Invisible Women: Data Bias in a World Designed for Men,Caroline Criado Pérez,"Pérez, Caroline Criado",,"=""1419729071""","=""9781419729072""",0,4.35,Abrams Press,Hardcover,448,2019,2019,,2022/09/09,to-read,to-read (#5),to-read,,,,0,0
50074593,Cain's Jawbone,E. Powys Mathers,"Mathers, E. Powys",Torquemada,"=""1783527412""","=""9781783527410""",0,3.82,Unbound,Hardcover,100,2019,1934,,2022/09/08,to-read,to-read (#4),to-read,,,,0,0
38492031,Breaking News: The Remaking of Journalism and Why It Matters Now,Alan Rusbridger,"Rusbridger, Alan",,"=""0374279624""","=""9780374279622""",0,4.24,"Farrar, Straus and Giroux",Hardcover,464,2018,2018,,2022/09/08,to-read,to-read (#3),to-read,,,,0,0
58146427,We Had to Remove This Post,Hanna Bervoets,"Bervoets, Hanna",Emma Rault,"=""0358622360""","=""9780358622369""",0,2.93,Houghton Mifflin Harcourt,Hardcover,136,2022,2021,,2022/09/05,to-read,to-read (#2),to-read,,,,0,0
45289222,Writers & Lovers,Lily King,"King, Lily",,"=""""","=""""",0,4.01,Grove Press,Hardcover,320,2020,2020,,2022/09/05,to-read,to-read (#1),to-read,,,,0,0
